{"cameraMode":{"drawMode":0,"name":"Shaded","section":"Shading Mode"},"sceneLighting":true,"audioPlay":false,"sceneViewState":{"m_AlwaysRefresh":false,"showFog":true,"showSkybox":true,"showFlares":true,"showImageEffects":true,"showParticleSystems":true,"showVisualEffectGraphs":true,"m_FxEnabled":true},"in2DMode":false,"pivot":{"x":0.5753251910209656,"y":1.0730589628219605,"z":0.45363402366638186},"rotation":{"x":-0.024910327047109605,"y":0.6979331374168396,"z":-0.024304283782839776,"w":-0.7153179049491882},"size":10.443700790405274,"orthographic":false}